,Repo,Contributor,Contributions
98,22826,jordimassaguerpla,1
737,22826,bokor,2
791,22826,marcandre,1
572,22826,orenhe,1
832,22826,technoweenie,11
65,22826,pelargir,2
247,22826,aercolino,5
433,22826,marcel,76
1057,22826,rafbm,1
1080,22826,nbibler,1
424,229741,aboisvert,3
550,229741,dominicm,4
501,229741,trbryan,39
399,229741,euge,3
633,229741,AE9RB,2
5,229741,tve,5
248,229741,richmeyers,8
32,229741,jakedouglas,2
972,229741,sergeyenin,3
38,229741,ktheory,6
680,939532,rjrodger,2
761,939532,scoates,4
674,939532,camerondgray,2
1064,939532,mirkokiefer,103
241,939532,pib,9
723,939532,bkw,3
571,939532,willwhite,4
18,939532,dvalentiate,2
326,939532,ianshward,17
144,939532,vogonistic,2
192,946996,skyzyx,44
686,946996,awstools,2
372,946996,jeremeamia,22
640,946996,d9magai,1
134,946996,borlak,1
685,946996,mtdowling,1
873,2888906,jmena,1
830,2888906,lalyos,1
753,2888906,tekul,1
39,2888906,after-the-sunrise,1
337,2888906,nebhale,74
246,2888906,brianhenk,1
782,2888906,spring-builds,6
336,2916712,ankon,3
612,2916712,suzuken,3
932,2916712,rmuir,22
728,2916712,rollick,4
946,2916712,imotov,8
929,2916712,tlrx,17
991,2916712,brutasse,3
121,2916712,wikka,3
841,2916712,kimchy,51
967,2916712,dadoonet,90
859,3880406,chilts,35
298,3880406,Standard8,7
979,3880406,spitimage,2
452,3880406,lloyd,355
473,3880406,jrgm,16
792,3880406,nnam,6
759,3880406,jedp,4
660,3880406,zaach,3
839,3880406,rfk,2
544,3880406,seanmonstar,2
35,4695433,ai81,1
14,4695433,colinbjohnson,131
538,4695433,nathanblogs,2
733,4695433,mingliangfeng,1
116,4695433,vszakats,5
151,4695433,anujbiyani,1
650,4695433,davestern,4
542,4695433,awilliams,1
989,4695433,aearly,1
464,4695433,marius-cotofana-hs,2
1037,5463553,samth,1
914,5463553,racket-dep-fixer,1
492,5463553,nxg,1
809,5463553,greghendershott,14
596,5463553,mflatt,5
817,5463553,pmatos,1
679,5463553,m4burns,9
494,5463553,bbonf,1
0,5463553,krrrcks,2
1031,5466914,brharrington,32
670,5466914,wstrucke,9
68,5466914,rspieldenner,3
874,5466914,e-gineer,3
410,5466914,copperlight,13
834,5466914,coryb,305
721,5466914,challahc,2
829,5466914,quidryan,18
484,5466914,alde,3
527,5466914,richo,3
1027,7137821,PatMyron,26
1019,7137821,jeanphix,17
346,7137821,fungusakafungus,18
488,7137821,markpeek,1539
1088,7137821,mbrossard,21
375,7137821,michael-k,35
743,7137821,axelpavageau,68
588,7137821,jerry153fish,15
614,7137821,axelpavageauekino,49
623,7137821,phobologic,144
981,8189133,jeskew,10
969,8189133,chuck014,5
270,8189133,diehlaws,5
750,8189133,GrahamCampbell,3
517,8189133,SamRemis,3
516,8189133,jeremeamia,46
647,8189133,tomschlick,5
197,8189133,ajredniwja,2
262,8189133,howardlopez,20
87,8189133,aykutfarsak,2
752,8270619,githuesch,116
389,8270619,mikegreiling,4
537,8270619,pdebie-amazon,19
848,8270619,jbraeuer,117
199,8270619,ganeadin,7
586,8270619,workeitel,103
675,8270619,jarv-aws,41
531,8270619,awsthomas,16
261,8270619,frisco-joe,11
342,8270619,wbingli,6
687,10678993,freedaun,2
407,10678993,mdbs99,124
450,10678993,almp1,14
155,12742730,zhangzhx,2
70,12742730,SonnyRajagopalan,1
771,12742730,hyandell,2
824,12742730,afitzgibbon,2
965,14991049,x4v13r64,35
885,14991049,technion,2
373,14991049,l01cd3v,1107
866,14991049,sharmaansh21,1
477,14991049,rwinkelmaier-ncc,2
196,14991049,agrant-isec,2
498,14991049,franco-bb,4
646,14991049,blt04,1
668,14991049,joncave,2
85,14991049,bhollemb,2
177,19718034,chenwany,170
899,19718034,sean-smith,246
330,19718034,enrico-usai,539
690,19718034,demartinofra,743
23,19718034,rexcsn,147
1073,19718034,hanwen-pcluste,301
36,19718034,yuleiwan,137
253,19718034,lukeseawalker,409
51,19718034,dougalb,230
6,19718034,ddeidda,131
320,21634100,jamesonwilliams,69
718,21634100,desokroshan,94
210,21634100,awsmobilesdk,268
1061,21634100,TrekSoft,34
801,21634100,minbi,161
1074,21634100,richardmcclellan,40
701,21634100,raphkim,83
127,21634100,kvasukib,84
13,21634100,karthiksaligrama,31
784,21634100,palpatim,27
518,23803367,reubenavery,7
178,23803367,hunner,65
958,23803367,garethr,358
189,23803367,Iristyle,100
3,23803367,bmjen,10
1044,23803367,DavidS,52
673,23803367,transifex-bot,13
170,23803367,cmurphy,20
814,23803367,pjfoley,11
276,23803367,gregohardy,27
405,25823015,spencergibb,41
437,25823015,alainsahli,302
836,25823015,cstettler,65
122,25823015,spring-builds,78
474,25823015,dsyer,69
420,25823015,ryanjbaxter,20
555,25823015,marcingrzejszczak,44
4,25823015,maciejwalkowiak,135
672,25823015,aemruli,769
479,25823015,eddumelendez,64
129,26508581,TheDeveloper,2
795,26508581,suryanarayanan,5
487,26508581,Jmcfar,9
796,26508581,default50,13
277,26508581,afitzgibbon,3
653,26508581,maymount,5
136,26508581,geisbruch,3
843,26508581,yubangxi,10
224,26508581,feverLu,8
621,26508581,alexdglover,4
355,28494054,satterly,1
365,28643625,lanej,251
921,28643625,mikehale,38
594,28643625,KevinLoiseau,37
933,28643625,sue445,37
617,28643625,stanhu,17
421,28643625,chanakyad-cuelogic,10
471,28643625,plribeiro3000,11
161,28643625,nomadium,12
110,28643625,geemus,324
565,28643625,fcheung,22
815,28942758,noemi-rea,3
391,28942758,rnhurt,8
526,28942758,dushankw,9
425,28942758,mbailey,547
1040,28942758,finchd,1
727,28942758,ninth-dev,12
960,28942758,atward,4
975,28942758,jonhiggs,287
984,28942758,azrupani,1
857,28942758,duncan-bayne,1
221,29379712,inkjet,22
413,30449699,jackcarlisle,61
913,30449699,nikhilaravi,25
724,30449699,markhu,9
747,30449699,Arhell,2
352,30449699,iteles,2
272,30449699,4thAce,3
62,30449699,Cleop,1
463,30449699,Starefossen,1
1016,30449699,nelsonic,90
944,30449699,finnhodgkin,3
316,31743182,cbbarclay,22
157,31743182,nathanpeck,2
618,31743182,samuelkarp,1
305,31743182,dasbar,1
124,36964309,robpickerill,9
735,36964309,jantman,1198
8,36964309,sebasrp,16
536,36964309,di1214,10
402,36964309,tamsky,8
1022,36964309,hltbra,9
429,36964309,nadlerjessie,12
786,36964309,spockNinja,9
669,36964309,bergkampsliew,8
119,36964309,philchristensen,8
228,38643531,hyandell,1
994,38643531,dependabot[bot],2
240,38643531,galmeida,2
554,38643531,schmittthomas,2
504,38643531,biagic,2
95,40718450,visualperception,12
876,40718450,edytuk,6
742,40718450,dariodsa,8
96,40718450,csware,5
245,40718450,fbonzon,5
927,40718450,neilgierman,10
519,40718450,kearva,4
426,40718450,mikelolasagasti,5
930,40718450,eldy,281
711,40718450,avian2,5
231,41296876,cclauss,1
176,41296876,cliveza,1
684,41296876,donnemartin,1024
683,41296876,mlimaloureiro,2
762,41296876,stilvoid,1
296,41296876,jonathanslenders,3
950,41296876,frosforever,3
871,41296876,svieira,2
327,43452375,KaibaLopez,3
881,43452375,bretambrose,16
775,43452375,gkwicker,19
457,43452375,ajorg-aws,1
852,43452375,fengsongAWS,12
299,43452375,hyandell,1
403,43452375,AWSSteveHa,2
643,43452375,jmklix,8
173,43452375,christophsaalfeld,1
1038,43452375,graebm,2
706,44163137,arthurzenika,1
1063,44163137,herrbischoff,3
810,44163137,kleinrein,1
104,44163137,laughedelic,1
370,44163137,doughsay,2
593,44163137,sotayamashita,8
649,44163137,andreiborisov,1
659,44163137,gazorby,3
903,44163137,jorgebucaran,119
569,44163137,BarbzYHOOL,1
362,44733039,ravenium,1
506,44733039,inytar,3
861,44733039,nkantar,1
980,44733039,dropthemic,2
1012,44733039,jkehler,11
215,44733039,matthewhegarty,1
257,44733039,torstenrudolf,1
503,44733039,Tharunreddych,1
266,45359947,michaellasmanis,2
200,45359947,jakubboucek,7
712,45359947,rbiro,2
202,45359947,arithmetric,95
310,45359947,yanokwa,8
883,45359947,ccjmne,3
931,45359947,morenoh149,1
45,45359947,cgonser,2
842,45359947,dansmith65,3
281,45359947,BenSower,6
1058,45705613,odedniv,7
427,45705613,ysugimoto,166
286,45705613,akfreas,1
864,45705613,ericlathrop,13
570,45705613,brauznitz-ps,1
940,45705613,tpai,2
926,45705613,1000ch,16
549,45705613,jomagam,6
184,45705613,dependabot[bot],6
235,45705613,kdybicz,54
465,47463490,alex,185
394,47463490,dlamotte,2
361,47463490,keichan34,1
688,47463490,danni,1
657,47463490,moeterich,1
500,47463490,adamchainz,1
188,48061237,edlyman,2
309,48061237,Helen1987,1
654,48061237,hyandell,3
1075,48061237,yubangxi,1
502,48061237,gr3mlin,1
227,48061237,Jmcfar,2
418,48061237,dependabot[bot],2
559,48061237,suryanarayanan,1
823,48061237,teknogeek0,10
441,48399035,gabesmed,1
797,48399035,rehos,4
97,48399035,plinde,5
997,48399035,ohlol,5
606,48399035,kenden,4
462,48399035,broamski,62
751,49898371,benjipotter,2
865,49898371,hvital,24
71,49898371,leeatkinson,14
335,49898371,hyandell,2
292,49898371,vladvataws,4
868,51875421,yyolk,1
951,51875421,jackrk,19
720,51875421,er1c,1
163,51875421,carlnordenfelt,1
423,51875421,jpeddicord,1
552,51875421,fwenjing12,3
1024,51875421,knightsc,1
395,51875421,JoeDM09,3
983,51875421,kwhi291,1
328,51875421,ykosaraju,6
359,53536939,kylesomers,82
100,53536939,hyandell,2
295,53536939,aaronkao,6
844,53536939,rkrol,1
1007,53611430,ByronPogson,1
530,53611430,iamjarvo,1
1083,53611430,HenrikJaySmith,14
120,53611430,hyandell,1
887,53611430,benjipotter,1
43,53611430,deenadat,3
897,55059880,blakeyoder,1
185,55059880,aarondobbing,1
870,55059880,danjesus,2
709,55059880,EranSch,14
806,55059880,santthosh,43
1071,55059880,mlem8,2
88,55059880,seoker,5
28,55059880,adhulipa,1
444,55059880,fartashh,6
1010,55059880,ffflabs,1
624,55903770,michaelwittig,100
707,55903770,uberbrady,2
954,55903770,AMeng,1
1048,55903770,KusabiSensei,2
638,55903770,mvanbaak,15
167,55903770,oioki,1
598,55903770,sistemi-etime,1
73,55903770,qoomon,1
67,55903770,nikolay,2
74,55903770,shinenelson,6
846,57407552,vsnyc,8
816,57407552,jaymccon,5
562,57407552,aws-ia-ci,3
325,57407552,andrew-glenn,8
225,57407552,davmayd,7
244,57407552,tbulding,26
776,57407552,tonynv,5
557,57407552,santiagocardenas,66
72,57407552,tekdj7,4
125,57407552,sshvans,3
186,60350949,hbi-wallix,8
976,60350949,simcap,706
507,60350949,fxaguessy,583
90,60350949,BourgerieQuentin,2
998,60350949,justone,2
29,60350949,padilo,5
853,60350949,alewando,1
304,60350949,hbbio,18
366,60350949,deinspanjer,1
334,60350949,Trane9991,6
1013,60629432,doapp-jeremy,1
692,60629432,gadams999,5
1070,60629432,ababkin,1
222,60629432,vbudilov,28
195,60629432,jameshow,2
758,60629432,hyandell,1
754,60629432,amirtoole,2
10,60629432,whummer,4
1014,60629432,dpantke,14
416,60723336,xiazhvera,54
541,60723336,gbataille,1
603,60723336,bretambrose,12
226,60723336,jmklix,9
230,60723336,hyandell,1
354,60723336,liuszeng,17
604,60723336,TwistedTwigleg,3
16,60723336,rccarper,2
904,60723336,KaibaLopez,3
702,60723336,cph-w,1
977,67077352,censullo,27
264,67077352,jaymccon,27
456,67077352,gargana,13
430,67077352,santiagocardenas,91
147,67077352,aws-ia-ci,132
957,67077352,tbulding,5
629,67077352,tonynv,69
243,67077352,davmayd,5
764,67077352,andrew-glenn,81
180,67077352,troy-ameigh,7
508,67908757,gliptak,10
634,67908757,acobaugh,9
512,67908757,wolfeidau,632
329,67908757,davidobrien1985,18
332,67908757,alsmola,12
1001,67908757,sledigabel,24
21,67908757,himanshu-neema,9
283,67908757,muramasa64,11
608,67908757,ilya-v-trofimov,13
146,67908757,vacovsky,14
613,68951589,leavertj,7
165,68951589,shsenior,2
145,68951589,georgebearden,2
521,68951589,stevemorad,2
1067,68951589,mobri2a,1
211,68951589,hvital,13
12,68951589,dscpinheiro,1
509,71204465,aarongorka,1
285,71204465,dagrz,3
1082,71386735,fredliporace,1
803,71386735,rvaneijk,2
591,71386735,Con-Mi,1
514,71386735,ryfeus,51
1039,71386735,Beomi,8
411,71386735,martinpeck,1
150,71386735,DLPerf,2
704,71948498,macnev2013,65
475,71948498,alexrashed,45
191,71948498,usmangani1,80
744,71948498,calvernaz,29
158,71948498,duongpv7,103
153,71948498,thrau,187
321,71948498,dfangl,72
11,71948498,whummer,1466
76,71948498,dominikschubert,65
770,71948498,pinzon,48
171,72467158,kamushadenes,2
682,72467158,chenrui333,2
1028,72467158,amcintosh,2
306,72467158,rafael-gumiero,2
1042,72467158,abutaha,60
317,72467158,saravanan30erd,3
822,72467158,willejs,2
978,72467158,mkadin,3
872,72467158,dlackty,2
182,72467158,em0ney,5
89,73510119,ganeshnj,52
662,73510119,Slushnas,12
738,73510119,toshi0607,12
581,73510119,martincostello,14
947,73510119,ashishdhingra,33
616,73510119,normj,1141
1021,73510119,NGL321,16
689,73510119,vellozzi,31
999,73510119,96malhar,19
777,73510119,philasmar,13
255,73916228,Yasumoto,15
258,73916228,joscdk,1
938,73916228,cheeteur,1
1008,73916228,steffendsommer,17
123,73916228,BrettRToomey,35
597,73916228,valen90,2
845,73916228,proggeramlug,3
2,73916228,loganwright,9
1000,74401379,brettstack,35
381,74401379,Trial-In-Error,227
105,74401379,amazon-meaisiah,227
198,74401379,MynockSpit,17
187,74401379,nitishdayal,12
496,74401379,ichuckyi,14
520,74401379,a-tan,27
641,74401379,alex-chew,14
739,74401379,dependabot[bot],33
497,74401379,bejos-aws,11
582,74407623,barnesrobert,30
234,74407623,grettir,1
767,74407623,vijayarv,1
82,74407623,hyandell,2
1053,74407623,asagage,2
143,74407623,lcymburajr,1
833,74407623,jimrazmus,2
651,74407623,HenrikJaySmith,70
611,74407623,mpostument,2
533,74407623,lukaszbudnik,5
745,74858782,yuxiangl,2
128,74858782,Abhishek-Kaudare,1
256,74858782,larsschumachenko,2
482,74858782,aldegoeij,2
996,74858782,mike-hosseini,3
417,74858782,dtjohnson,69
64,74858782,lingrlongr,4
626,74858782,dependabot[bot],5
183,74858782,kennethaasan,66
807,74858782,asherber,1
216,75661534,billrobertson42,4
882,75661534,sapessi,421
152,75661534,yyolk,4
239,75661534,mattcorey,20
543,75661534,vkuptcov,5
756,75661534,orozcoadrian,6
788,75661534,joeyvmason,4
130,75661534,dependabot[bot],17
249,75661534,jogep,18
315,75661534,deki,108
622,76903730,teknogeek0,3
952,79949815,PaulMaddox,4
169,84632322,willfarrell,7
265,84632322,botsimo,231
563,84632322,adieuadieu,418
708,84632322,orporan,3
141,84632322,benjaminwood,7
445,84632322,dependabot[bot],17
347,84632322,skunkworker,14
828,84632322,mwillfox,3
906,84632322,qubyte,2
390,84632322,akashmohapatra,2
17,86351030,matteo-ronchetti,8
282,86351030,teknogeek0,1
860,86351030,hscheib,7
259,86351030,bobsut,1
92,86351030,Clete2,4
773,86351030,alexcasalboni,450
377,86351030,gino247,17
364,86351030,claudiopastorini,3
697,86351030,dependabot[bot],7
339,86351030,gliptak,3
1076,87228090,jeskew,174
637,87228090,srchase,103
849,87228090,AllanZhengYP,409
941,87228090,chrisradek,31
26,87228090,kstich,63
794,87228090,JordonPhillips,34
912,87228090,alexforsyth,39
483,87228090,adamthom-amzn,21
924,87228090,dependabot-preview[bot],74
696,87228090,trivikr,1007
811,91728685,Pryz,6
566,91728685,josacar,3
455,91728685,nickatsegment,34
589,91728685,reverson,11
1084,91728685,devonbleak,5
1086,91728685,ejcx,5
800,91728685,bazzargh,3
1004,91728685,dfuentes,59
164,91728685,Fauzyy,5
781,91728685,vivianho,3
236,92872816,pdkn,12
467,92872816,rimarms,6
91,92872816,pandrel-aws,5
610,92872816,dependabot[bot],4
746,92872816,dcanivel,5
564,92872816,JohnCalhoun,36
847,92872816,atoa,286
1,92872816,syoon1,7
111,92872816,chrislott,54
820,92872816,bobpskier,44
1006,92945094,stefansedich,8
620,92945094,rhysemmas,22
599,92945094,abursavich,3
856,92945094,DewaldV,6
179,92945094,integrii,3
934,92945094,Joseph-Irving,15
344,92945094,samb1729,5
635,92945094,roffe,9
905,92945094,pingles,91
535,92945094,zytek,3
1009,95247959,kiiadi,150
323,95247959,zoewangg,493
499,95247959,dagnir,466
238,95247959,shorea,174
99,95247959,varunnvs92,194
30,95247959,millems,426
645,95247959,spfink,126
579,95247959,aws-sdk-java-automation,688
802,95247959,Bennett-Lynch,65
1026,95247959,cenedhryn,129
194,95498418,mlabieniec,7
1011,95498418,dependabot[bot],2
142,95498418,cpenarrieta,1
937,95498418,manueliglesias,2
358,95498418,jordanranz,2
63,95498418,elorzafe,6
289,95498418,powerful23,9
988,95498418,yuyokk,4
338,95498418,richardzcode,2
510,95498418,haverchuck,3
658,95608935,darrylsosborne,25
168,95608935,zoltak,1
1036,95608935,AshMartian,16
600,95608935,srobin9,2
607,95608935,hyandell,1
252,96004375,jasdel,490
576,96004375,alextbok,2
383,96004375,xibz,18
763,96004375,skmcgrail,345
525,96004375,hyandell,2
964,96004375,danielhochman,2
301,96004375,JordonPhillips,94
584,96004375,diehlaws,5
818,96004375,KaibaLopez,6
655,96004375,skotambkar,269
102,97533478,shaithal,14
558,97533478,tonynv,111
917,97533478,chroto,16
451,97533478,aws-ia-ci,13
948,97533478,pierreozoux,20
1050,97533478,jaymccon,298
664,97533478,farjadhabib,12
382,97533478,andrew-glenn,41
1005,97533478,iamtanmay,8
353,97533478,troy-ameigh,8
546,99036030,jyotimahapatra,11
108,99036030,micahhausler,6
460,99036030,mattlandis,14
827,99036030,christopherhein,19
779,99036030,nckturner,80
273,99036030,mattmoyer,35
280,99036030,mumoshu,11
804,99036030,k8s-ci-robot,115
986,99036030,rifelpet,9
898,99036030,wongma7,20
532,99263715,Jason-Cooke,1
93,99263715,powerful23,8
985,99263715,manueliglesias,5
114,99263715,elorzafe,27
489,99263715,swaminator,1
486,99263715,LuigiBaute,3
166,99263715,sammartinez,1
414,99263715,mlabieniec,11
40,99263715,undefobj,1
1023,99263715,dependabot[bot],10
212,99959558,rdoshi99,195
447,99959558,dependabot[bot],15
397,99959558,rstrahan,305
580,99959558,chrislott,35
902,99959558,mohsenari,16
1033,99959558,JohnCalhoun,436
453,99959558,bobpskier,49
470,99959558,dontirun,114
583,99959558,kthomas-amzn,231
729,99959558,aassadza,124
551,99974960,vaviliv,6
790,99974960,skycmoon,1
422,99974960,jpeddicord,2
379,99974960,moomindani,2
80,99974960,neilagupta,4
935,103173578,antonbabenko,72
27,103173578,FernandoMiguel,1
1089,103173578,bryantbiggs,11
263,103173578,betajobot,12
384,103173578,semantic-release-bot,4
431,103173578,danihodovic,1
406,103173578,DrFaust92,1
419,103173578,jjardon,2
53,103173578,den-is,3
271,103173578,jeremyciak,1
855,103201285,Etiene,57
725,103201285,gruntwork-ci,33
528,103201285,awesome,8
1055,103201285,KFishner,9
907,103201285,yorinasub17,13
360,103201285,patoarvizu,15
632,103201285,mr-miles,15
223,103201285,josh-padnick,41
172,103201285,edtan,6
287,103201285,brikis98,244
705,103201301,fsproru,10
601,103201301,mcalhoun,28
1032,103201301,stephencoe,18
350,103201301,anouarchattouna,15
990,103201301,robmorgan,11
357,103201301,gruntwork-ci,22
1034,103201301,efx-jjohnson,11
665,103201301,brikis98,224
799,103201301,josh-padnick,25
982,103201301,Etiene,116
826,103510170,0rc,1
31,103510170,alexjurkiewicz,1
24,103510170,antonbabenko,50
9,103510170,aarmstrong-gel,1
699,103510170,betajobot,12
300,103510170,semantic-release-bot,12
44,103510170,dinesh-auti,1
765,103510170,ynuyasha,1
106,103510170,Ayush-Singhal28,1
398,103510170,bryantbiggs,22
630,104857991,asantos-fuze,1
139,104857991,semantic-release-bot,2
992,104857991,billylaing,1
318,104857991,ozbillwang,2
58,104857991,federicogatti,1
109,104857991,martynova1,2
81,104857991,betajobot,12
118,104857991,arminc,14
970,104857991,antonbabenko,35
312,104857991,bryantbiggs,7
1025,104858225,mogaal,1
524,104858225,betajobot,12
505,104858225,robinbowes,2
785,104858225,ChairmanTubeAmp,2
269,104858225,semantic-release-bot,5
15,104858225,boeboe,4
302,104858225,antonbabenko,94
910,104858225,bryantbiggs,6
46,104858225,Ashex,1
22,104858225,mvasilenko,4
174,104858991,bryantbiggs,7
627,104858991,angstwad,2
922,104858991,egarbi,2
1051,104858991,semantic-release-bot,5
435,104858991,betajobot,13
436,104858991,tpoindessous,2
351,104858991,mohsen0,2
676,104858991,brandonjbjelland,33
695,104858991,antonbabenko,51
1020,104858991,mbolek,3
1077,104859501,bryantbiggs,18
203,104859501,komljen,2
769,104859501,StephenKing,2
52,104859501,FutureSharks,8
363,104859501,antonbabenko,121
101,104859501,semantic-release-bot,5
140,104859501,Blokje5,2
322,104859501,tomasbackman,2
291,104859501,theherk,1
461,104859501,betajobot,12
953,108162421,haverchuck,2
218,108162421,onlybakam,5
149,108162421,Ashish-Nanda,6
710,108162421,david-mcafee,5
760,108162421,sammartinez,6
956,108162421,dependabot[bot],13
349,108162421,dabit3,7
837,108162421,undefobj,3
838,108162421,elorzafe,33
974,108162421,manueliglesias,125
392,108381514,yukin01,3
454,108381514,Kostavro,2
480,108381514,max-rocket-internet,3
343,108381514,jeffb4,2
884,108381514,DrFaust92,2
1059,108381514,bryantbiggs,17
631,108381514,antonbabenko,87
1015,108381514,betajobot,12
201,108381514,miguelaferreira,3
678,108381514,semantic-release-bot,25
694,111354986,thomaskelm,10
415,111354986,kayman-mk,22
20,111354986,semantic-release-bot,9
968,111354986,dependabot[bot],10
577,111354986,msvechla,8
741,111354986,npalm,364
971,111354986,bsuv,7
511,111354986,roock,4
574,111354986,stefan-kolb,5
567,111354986,mhulscher,4
478,112659734,bubba-h57,81
889,112659734,jenschude,24
458,112659734,GrahamCampbell,23
644,112659734,atrope,28
920,112659734,deleugpn,93
755,112659734,danniehansen,23
440,112659734,Nyholm,40
376,112659734,shouze,23
877,112659734,mnapoli,1561
131,112659734,t-richard,56
41,116049892,pete-woods,1
825,116049892,nathanpeck,13
341,117144849,chriscoombs,1
409,117144849,abiydv,2
909,117144849,hardyeats,1
1054,117144849,clareliguori,39
386,117144849,jpeddicord,6
1056,118159195,schosterbarak,12
1041,118159195,nimrodkor,18
250,118159195,ngerstle,6
798,118159195,PawelDefee,7
772,118159195,cbeltranbird,6
568,118159195,yannvanhalewyn,5
107,118159195,JulesDT,7
945,118159195,AlmogCohen,12
966,118159195,0xdabbad00,744
137,118159195,w0rmr1d3r,11
138,118458937,jetzlstorfer,31
213,118458937,grabnerandi,81
961,118458937,divya-mohan0209,1
736,120632979,sprutner,3
808,120632979,semantic-release-bot,7
345,120632979,bryantbiggs,10
466,120632979,betajobot,12
275,120632979,DrFaust92,3
404,120632979,antonbabenko,79
648,120632979,hit0ri,2
987,120632979,invertigo,1
367,120632979,nazartm,8
915,120632979,onymbuk,2
693,121206877,DrFaust92,2
331,121206877,lukvdborne,3
37,121206877,ecktom,2
677,121206877,mknapcok,2
113,121206877,george-angel,2
666,121206877,nozaq,138
60,121206877,domdepasquale,2
748,121206877,wheerd,2
268,121206877,willfarrell,11
732,121206877,lawliet89,6
495,121765548,btkrausen,22
1065,125404208,bw-intuit,8
667,125404208,tealeg,10
156,125404208,knqyf263,5
469,125404208,jpeddicord,7
148,125404208,rniksch,4
949,125404208,harinigunabalan,4
49,125404208,ndrest-amzn,26
311,125404208,dependabot[bot],4
615,125404208,enieuw,4
1043,125404208,jaymccon,377
449,126052919,ujwalbukka,46
955,126052919,brtrvn,77
207,126402504,tnolet,1
459,126402504,G-Rath,1
691,126402504,diegoparrilla,1
159,126402504,samuraiseoul,1
42,126402504,alixaxel,227
75,126402504,adriangmweb,1
468,126402504,mxschmitt,1
878,126402504,wbowling,1
1029,126402504,abdulg,1
57,126402504,ScreamZ,1
789,128467248,tbrown-wordstream,4
1079,128467248,carlosafonso,2
385,128467248,leozhad,1
400,128467248,nvaidya1,3
890,128467248,kakakakakku,5
205,128467248,ashishgore,9
340,128467248,karthiksambandam,36
943,128467248,dennydaugherty,1
490,128467248,erikbryant,1
66,128467248,karthiksambandam-zz,14
204,133691905,bitsandsalsa,17
69,134884578,amitch23,2
766,134884578,semantic-release-bot,13
1046,134884578,marcoceppi,2
893,134884578,bryantbiggs,11
896,134884578,chenrui333,6
916,134884578,antonbabenko,113
374,134884578,johnlinvc,2
1045,134884578,nitrocode,8
886,134884578,betajobot,12
77,134884578,MarkIannucci,2
491,137706509,mtheoryx,1
135,137706509,mjzone,1
995,137706509,dhavalshreyas,1
719,137706509,JLee21,1
94,137706509,hdoro,1
863,137706509,wolfhoundjesse,1
193,137706509,ChristopheBougere,1
408,137706509,hyochan,1
867,137706509,MrHertal,1
560,137706509,dabit3,66
973,139728360,AndyXiangLi,35
154,139728360,wongma7,165
348,139728360,leakingtapan,334
219,139728360,jsafrane,18
879,139728360,vdhanan,25
768,139728360,k8s-ci-robot,364
47,139728360,krmichel,31
50,139728360,bertinatto,56
545,139728360,dkoshkin,16
787,139728360,zacharya,12
639,140049633,aknysh,14
126,140049633,maximmi,3
573,140049633,RobusGauli,4
368,140049633,cloudpossebot,3
251,140049633,nitrocode,3
254,140049633,Nuru,8
288,140049633,osterman,5
812,140049633,renovate[bot],4
936,140049633,Gowiem,2
585,140049633,johncblandii,2
553,141609301,sedefsavas,164
891,141609301,richardcase,111
919,141609301,detiber,169
428,141609301,chuckha,116
412,141609301,vincepri,236
438,141609301,k8s-ci-robot,1082
590,141609301,dependabot[bot],89
587,141609301,randomvariable,185
7,141609301,ncdc,64
939,141609301,Ankitasw,51
698,146046573,dabit3,14
232,146046573,olisteadman,1
313,146046573,oste,1
56,146046573,shawnmmatthews,1
61,146046573,swaminator,19
793,146046573,adokce,1
439,146046573,segeda,1
942,146046573,gcko,1
324,156752158,Sh4rK,5
993,156752158,coltonweaver,10
547,156752158,nmoutschen,18
208,156752158,bahildebrand,9
901,156752158,AnderEnder,3
749,156752158,davidbarsky,4
175,156752158,sapessi,14
740,156752158,calavera,15
734,156752158,anmonteiro,3
206,156752158,softprops,26
485,158307590,lpiedade,1
83,158307590,rbboimer,20
103,158307590,smohiuddin,2
1068,158307590,jpeddicord,6
59,158307590,alexcasalboni,1
442,158307590,j13d,32
805,158702364,backspace-academy,30
1049,158870838,suniltheta,10
652,158870838,subfuzion,17
963,158870838,kiranmeduri,39
715,158870838,bcelenza,47
284,158870838,lavignes,17
602,158870838,geremyCohen,15
875,158870838,jamsajones,25
267,158870838,mhausenblas,15
369,158870838,shibataka000,10
925,158870838,Y0Username,37
279,162647455,jqmichael,12
319,162647455,Ashley-wenyizha,6
1087,162647455,leakingtapan,116
681,162647455,wongma7,116
190,162647455,chrishenzie,14
19,162647455,anonymint,4
636,162647455,KarstenSiemer,6
117,162647455,k8s-ci-robot,157
575,162647455,2uasimojo,11
605,162647455,jpeddicord,7
540,167450644,dabit3,4
237,167450644,jpeddicord,7
908,167450644,swaminator,2
1017,172788334,noahgift,54
476,179117906,ChandraLingam,120
851,199846310,0xflotus,2
716,199846310,nquayson,1
774,199846310,SkullTech,37
534,199846310,tobHai,2
813,202018792,dependabot-preview[bot],85
115,202018792,huanjani,168
1052,202018792,efekarakus,592
731,202018792,SoManyHs,134
308,202018792,bvtujo,135
481,202018792,hencrice,162
1060,202018792,kohidave,88
307,202018792,iamhopaul123,417
48,202018792,dependabot[bot],181
717,202018792,Lou1415926,198
393,204986042,kecorbin,1
378,216631734,haugenj,18
1066,216631734,stevehipwell,6
217,216631734,snay2,10
1069,216631734,bwagner5,181
840,216631734,jillmon,26
162,216631734,cjerad,5
726,216631734,brycahta,45
333,216631734,ec2-bot,12
242,216631734,mattrandallbecker,13
819,216631734,imuqtadir,11
539,217173687,cmanikandan,97
783,217173687,andrewcr7,25
1030,217173687,huguesclouatre,6
1003,217173687,jicowan,382
1081,217173687,wasiqaws,10
663,217173687,urbanadventurer,54
959,217173687,ellistarn,6
625,217173687,realvz,80
434,217173687,awsbpfeiff,14
290,217173687,jamesiri,8
892,220391287,dependabot[bot],182
54,220391287,paragbhingre,6
513,220391287,clareliguori,38
928,220391287,GrahamCampbell,2
1018,220391287,piradeepk,6
529,220391287,richardhboyd,4
888,220391287,allisaurus,2
656,220391287,dependabot-preview[bot],56
895,220391287,jamesiri,6
432,220391287,swinton,6
661,222193808,kinlane,61
869,223491631,surerahu,8
297,223491631,mzliang-annie,7
79,223491631,fibbonnaci,70
911,223491631,froggie901,1
303,223491631,amazon-auto,1
34,223491631,aashiqmuhamed,1
356,223491631,phmagic,4
220,223491631,drandahl,1
515,225895956,bking-1992,1
642,225895956,cablethief,1
1078,225895956,masteryeets,10
25,225895956,dmyates,3
274,225895956,bytebutcher,2
448,225895956,jshodd,2
780,225895956,beatro0t,296
592,226017073,stacksimplify,3
388,228891938,dan-os,1
578,228891938,trietlu,1
1072,228891938,nilskelleter,4
33,228891938,amazon-auto,1
923,228891938,patrickwerz,1
396,228891938,jeromevdl,7
446,228891938,cakepietoast,11
1085,228891938,fonzcastellanos,1
181,228891938,nmoutschen,562
1002,228891938,dependabot[bot],20
233,240371829,BenHornerTech,1
132,240371829,Joshua-Tan,2
831,240371829,acantril,150
700,244745009,ansible-zuul[bot],101
86,244745009,markuman,36
78,244745009,mandar242,21
112,244745009,stefanhorning,31
880,244745009,tremble,249
229,244745009,szb640,21
133,244745009,jillr,93
493,244745009,alinabuzachis,47
443,244745009,oukooveu,20
671,244745009,marknet15,42
160,250135220,nimacks,6
850,250135220,mats16,1
387,250135220,ganipcanot,13
714,250135220,abhi7cr,9
628,250135220,kahdojay,1
821,250135220,ferdingler,15
214,250135220,amazon-auto,1
561,250135220,dependabot[bot],24
278,250135220,Athena96,1
522,250135220,behrooziAWS,3
918,251132845,quique,4
609,251132845,blacng,23
294,251132845,lordz-md,9
472,251132845,alozano-77,15
619,251132845,Shah-Nisarg,1
209,251132845,afra91,7
556,251132845,mohsinmsm,3
757,258465213,ulich,5
401,258465213,semantic-release-bot,7
293,258465213,gertjanmaas,26
854,258465213,bdruth,8
371,258465213,mcaulifn,17
730,258465213,HenryNguyen5,7
835,258465213,npalm,194
703,258465213,dependabot[bot],839
380,258465213,toast-gear,7
1062,258465213,marcofranssen,12
55,259837314,acantril,40
595,259837314,gpsmyth,1
778,259837314,Aby-Korah,1
84,268826962,svenlito,4
894,268826962,betajobot,12
858,268826962,semantic-release-bot,18
1047,268826962,ahlinc,34
962,268826962,niranjan94,2
713,268826962,antonbabenko,128
314,268826962,bryantbiggs,10
523,268826962,Infra-Red,2
862,268826962,michaelhelmick,2
722,268826962,pdecat,6
1035,296917086,anacunha,1
260,296917086,amazon-auto,1
900,367247659,stacksimplify,6
548,367331849,stacksimplify,6
